category,username,entry,comments
user,0e7fe052a970524bf667d3bae82030a3fec89fe1,0e7fe052a970524bf667d3bae82030a3fec89fe1,0*10
user,hc_0e7fe052a970524bf667d3bae82030a3fec89fe1,hc_0e7fe052a970524bf667d3bae82030a3fec89fe1,
user,hc_f66472f757784554d6c4e464ea8bc7723350df15,hc_f66472f757784554d6c4e464ea8bc7723350df15,
user,f66472f757784554d6c4e464ea8bc7723350df15,f66472f757784554d6c4e464ea8bc7723350df15,
user,hc_a7435e3b8bdc5001d42b6a32f487fbe996ab8182,hc_a7435e3b8bdc5001d42b6a32f487fbe996ab8182,
user,hc_b224ff29e43980efa73b058bbbe12dab18831091,hc_b224ff29e43980efa73b058bbbe12dab18831091,
user,hc_fe62c077ff7339912a76f310ff3f34e6cc54a1e0,hc_fe62c077ff7339912a76f310ff3f34e6cc54a1e0,
user,1da5ab95d2b9b61b4489b129cfa4fc8731dcc34e,1da5ab95d2b9b61b4489b129cfa4fc8731dcc34e,
user,7acc6469cadd4be55dcb77db5af3255c084bd48b,7acc6469cadd4be55dcb77db5af3255c084bd48b,
user,fee93c79cf0105c16632962f9943d9f02907ad76,fee93c79cf0105c16632962f9943d9f02907ad76,
user,ee9550777830d1b64523edb0c326be7855fa4943,ee9550777830d1b64523edb0c326be7855fa4943,
user,9f004bd15b6ddbfc7f437ee832c70541296fc573,9f004bd15b6ddbfc7f437ee832c70541296fc573,
user,6d35a0b4f2c98f375ce70271b6de310d7755356d,6d35a0b4f2c98f375ce70271b6de310d7755356d,
user,hc_6abb81d7c607f48e6271a37a1eb62f37638c31bc,hc_6abb81d7c607f48e6271a37a1eb62f37638c31bc,
user,b6f04cd281a5b5f5ae05e596b157d08a9d07b501,b6f04cd281a5b5f5ae05e596b157d08a9d07b501,sampler
user,4236fc9459c1441b96744f479ce6ae219ced6aeb,4236fc9459c1441b96744f479ce6ae219ced6aeb,sampler
user,a8827a71acdfd421f52db1a8cfce9204ca2e0da9,a8827a71acdfd421f52db1a8cfce9204ca2e0da9,sampler
user,800cc4ae85d5e504db799a15a0cc234655c6a287,800cc4ae85d5e504db799a15a0cc234655c6a287,sampler
user,f2d306ed7d7e17f413b8ad25731ff4bb83e51746,f2d306ed7d7e17f413b8ad25731ff4bb83e51746,sampler
user,7d3faede898dfe76452623fab73cafef2a017435,7d3faede898dfe76452623fab73cafef2a017435,sampler
user,hc_800cc4ae85d5e504db799a15a0cc234655c6a287,hc_800cc4ae85d5e504db799a15a0cc234655c6a287,sampler
user,hc_f2d306ed7d7e17f413b8ad25731ff4bb83e51746,hc_f2d306ed7d7e17f413b8ad25731ff4bb83e51746,sampler
user,hc_7d3faede898dfe76452623fab73cafef2a017435,hc_7d3faede898dfe76452623fab73cafef2a017435,sampler
user,65244aba632f7dd568f94f57515be721b7fc8ed7,65244aba632f7dd568f94f57515be721b7fc8ed7,
user,36746bdfd0c41556933b31fb3e35de4739898c28,36746bdfd0c41556933b31fb3e35de4739898c28,mistake in phone number
user,c7ab65cad867300291057aac5ef9410c575d627d,c7ab65cad867300291057aac5ef9410c575d627d,nitza didnt sample well almost no recordings
user,1bd9c8c06aa27054342721d66dd66d3dee6dc5a9,1bd9c8c06aa27054342721d66dd66d3dee6dc5a9,
user,33c222ca32238b76b58a937dfd6b82f87a61badf,33c222ca32238b76b58a937dfd6b82f87a61badf,
user,hc_22a7788df695d75a658d116a17de6c41c1b4cc70,hc_22a7788df695d75a658d116a17de6c41c1b4cc70,
user,hc_0801b6050bf7c33f4eedabbf6eeead830b327d92,hc_0801b6050bf7c33f4eedabbf6eeead830b327d92,
user,hc_059db27f8d73e23b62a00184d19c5d9a48a58660,hc_059db27f8d73e23b62a00184d19c5d9a48a58660,
user,hc_be85c53a99ca8d365adbe3c11746416066277aab,hc_be85c53a99ca8d365adbe3c11746416066277aab,
file,0aa092316123ea4449b06bda30ea9c978721206c,0aa092316123ea4449b06bda30ea9c978721206c/0aa092316123ea4449b06bda30ea9c978721206c_he_pre_2024-05-21_14:48:56_updrs.csv,
file,0aa092316123ea4449b06bda30ea9c978721206c,0aa092316123ea4449b06bda30ea9c978721206c/0aa092316123ea4449b06bda30ea9c978721206c_he_pre_2024-05-21_14:48:58_updrs.csv,
file,0aa092316123ea4449b06bda30ea9c978721206c,0aa092316123ea4449b06bda30ea9c978721206c/0aa092316123ea4449b06bda30ea9c978721206c_he_pre_2024-05-21_14:48:59_updrs.csv,
file,0aa092316123ea4449b06bda30ea9c978721206c,0aa092316123ea4449b06bda30ea9c978721206c/0aa092316123ea4449b06bda30ea9c978721206c_he_pre_2024-05-21_14:49:17_updrs.csv,
file,0aa092316123ea4449b06bda30ea9c978721206c,0aa092316123ea4449b06bda30ea9c978721206c/0aa092316123ea4449b06bda30ea9c978721206c_he_pre_2024-05-21_14:49:18_updrs.csv,
file,0aa092316123ea4449b06bda30ea9c978721206c,0aa092316123ea4449b06bda30ea9c978721206c/0aa092316123ea4449b06bda30ea9c978721206c_he_pre_2024-05-21_14:49:20_updrs.csv,
file,0aa092316123ea4449b06bda30ea9c978721206c,0aa092316123ea4449b06bda30ea9c978721206c/0aa092316123ea4449b06bda30ea9c978721206c_he_pre_2024-05-21_14:49:22_updrs.csv,
file,0aa092316123ea4449b06bda30ea9c978721206c,0aa092316123ea4449b06bda30ea9c978721206c/0aa092316123ea4449b06bda30ea9c978721206c_he_pre_2024-05-21_14:49:23_updrs.csv,
file,0aa092316123ea4449b06bda30ea9c978721206c,0aa092316123ea4449b06bda30ea9c978721206c/0aa092316123ea4449b06bda30ea9c978721206c_he_pre_2024-05-21_14:49:25_updrs.csv,
file,7421e85362bc8347c885b9820c75f247a375bb11,7421e85362bc8347c885b9820c75f247a375bb11/7421e85362bc8347c885b9820c75f247a375bb11_he_post_2024-05-16_16:23:41_updrs.csv,
file,37b8be5eab3168f2f82ab70b2562872fc5e35a76,37b8be5eab3168f2f82ab70b2562872fc5e35a76/37b8be5eab3168f2f82ab70b2562872fc5e35a76_he_post_2024-06-27_11:16:59_moca.csv,
file,37b8be5eab3168f2f82ab70b2562872fc5e35a76,37b8be5eab3168f2f82ab70b2562872fc5e35a76/37b8be5eab3168f2f82ab70b2562872fc5e35a76_he_post_2024-06-27_11:17:01_moca.csv,
file,37b8be5eab3168f2f82ab70b2562872fc5e35a76,37b8be5eab3168f2f82ab70b2562872fc5e35a76/37b8be5eab3168f2f82ab70b2562872fc5e35a76_he_post_2024-06-27_11:17:13_moca.csv,
file,40d3a820a76963d220b9c3042e6c6238fd5fa087,40d3a820a76963d220b9c3042e6c6238fd5fa087/40d3a820a76963d220b9c3042e6c6238fd5fa087_he_post_2024-09-08_12:08:05_updrs3.csv,
session,hc_24b3c5819103f797f612714f143eccff34974b0b,14caaf7d-d1e4-4744-8f0c-cd7b26ffef0a,
file,a7435e3b8bdc5001d42b6a32f487fbe996ab8182,a7435e3b8bdc5001d42b6a32f487fbe996ab8182/user_register_2024-10-09_19:53:15.csv,
file,a7435e3b8bdc5001d42b6a32f487fbe996ab8182,a7435e3b8bdc5001d42b6a32f487fbe996ab8182/user_register_2024-10-09_20:28:26.csv,
file,a7435e3b8bdc5001d42b6a32f487fbe996ab8182,a7435e3b8bdc5001d42b6a32f487fbe996ab8182/user_register_2024-10-09_19:03:33.csv,
file,eeb0884680cae06f7cb0b91679e08b749efea240,eeb0884680cae06f7cb0b91679e08b749efea240/user_register_2024-10-10_12:03:59.csv,
file,b4f911698dbb35057e4fafded1ec7db6035a870d,b4f911698dbb35057e4fafded1ec7db6035a870d/user_register_2024-10-10_12:05:06.csv,
file,ead7e8b4f668fbbbe17e403988edd1cee249f38f,ead7e8b4f668fbbbe17e403988edd1cee249f38f/user_register_2024-10-10_12:05:37.csv,
file,a7435e3b8bdc5001d42b6a32f487fbe996ab8182,a7435e3b8bdc5001d42b6a32f487fbe996ab8182/user_register_2024-10-10_12:14:47.csv,
file,564f38559f0dc71afa7f055d1f816a9f88b7c445,564f38559f0dc71afa7f055d1f816a9f88b7c445/user_register_2024-10-10_14:03:55.csv,
user,hc_45dec2f92a8fe7f038cc63f8ad519764314b3049,hc_45dec2f92a8fe7f038cc63f8ad519764314b3049,
user,hc_73a4f4ad29692bfdb875751ef848e22174f3d338,hc_73a4f4ad29692bfdb875751ef848e22174f3d338,
user,hc_fae7826f746eb27ba581827f6c078cd3a7bbd624,hc_fae7826f746eb27ba581827f6c078cd3a7bbd624,
user,hc_62587293c8f37f1ac38b335cb388e9b337599ed3,hc_62587293c8f37f1ac38b335cb388e9b337599ed3,
user,f66472f757784554d6c4e464ea8bc7723350df15,f66472f757784554d6c4e464ea8bc7723350df15,
user,73a4f4ad29692bfdb875751ef848e22174f3d338,73a4f4ad29692bfdb875751ef848e22174f3d338,
user,62587293c8f37f1ac38b335cb388e9b337599ed3,62587293c8f37f1ac38b335cb388e9b337599ed3,
file,a297d393100991c1a523d7c3a83299ea3f7cbf20,a297d393100991c1a523d7c3a83299ea3f7cbf20/user_register_2024-10-22_12:50:30.csv,
user,24350130f9f144974bb7d6c4b2786bcaba7df1f6,24350130f9f144974bb7d6c4b2786bcaba7df1f6,
file,8075108c65c741730e6dca230c58657689d59f6b,8075108c65c741730e6dca230c58657689d59f6b/user_register_2024-10-29_10:58:26.csv,
user,hc_d7a8394b62fa97832bbe5a3249ba2c4d19cf9c83,hc_d7a8394b62fa97832bbe5a3249ba2c4d19cf9c83,
user,hc_413ea12275b9cc5c0ae32541758aa10c9c8f2022,hc_413ea12275b9cc5c0ae32541758aa10c9c8f2022,
user,hc_0ee4b0a00dc60261543c0186130ca9d5b7971846,hc_0ee4b0a00dc60261543c0186130ca9d5b7971846,
user,hc_45081dd3bf9009d73fe8dd37238198b013442651,hc_45081dd3bf9009d73fe8dd37238198b013442651,
user,hc_753d6faf042ac97bc3d1bd1e309fb002b2534cca,hc_753d6faf042ac97bc3d1bd1e309fb002b2534cca,
file,0c9ac5b1080802d350518543d5400ee727a41eb4,0c9ac5b1080802d350518543d5400ee727a41eb4\user_register_2024-11-20_08:46:39.csv,
user,hc_e8dfe9b832405958622a68c254a59218a75bbf6e,hc_e8dfe9b832405958622a68c254a59218a75bbf6e,itays fault in phone number
file,37b8be5eab3168f2f82ab70b2562872fc5e35a76,37b8be5eab3168f2f82ab70b2562872fc5e35a76\user_register_2024-12-16_09:02:49.csv,
